geneid,baseMean_VEvsC,log2FoldChange_VEvsC,lfcSE_VEvsC,stat_VEvsC,pvalue_VEvsC,padj_VEvsC,Mnigripes_transcript_id,Gene_Symbol,Mpfuro_ensembl_gene_id,description_mpfuro,description_hsapiens,FoldChange_VEvsC,baseMean_CvsW,log2FoldChange_CvsW,lfcSE_CvsW,stat_CvsW,pvalue_CvsW,padj_CvsW,FoldChange_CvsW
MUSNIGG00038246,21.8745105,-5.690290563,1.415596711,-4.01971163,5.83E-05,0.022317612,MUSNIGT00046079,NA,NA,NA,NA,-51.63547106,21.8745105,4.393218578,2.079481164,2.112651297,0.034630625,0.999566779,21.0131214
MUSNIGG00031397,65.8055553,-5.569048613,1.137515161,-4.895801658,9.79E-07,0.002381069,MUSNIGT00037747,CREBZF,ENSMPUG00000009974,CREB/ATF bZIP transcription factor [Source:HGNC Symbol;Acc:HGNC:24905],CREB/ATF bZIP transcription factor [Source:HGNC Symbol;Acc:HGNC:24905],-47.47343752,65.8055553,4.536474358,1.69813924,2.67143839,0.007552694,0.859062739,23.20677847
MUSNIGG00016903,6.783532171,-5.559951312,1.914768923,-2.903719214,0.003687587,0.125429538,MUSNIGT00020677,VIM,ENSMPUG00000011602,vimentin [Source:HGNC Symbol;Acc:HGNC:12692],vimentin [Source:HGNC Symbol;Acc:HGNC:12692],-47.17502287,6.783532171,5.636460702,2.855914704,1.973609609,0.04842615,0.999566779,49.74434775
MUSNIGG00018679,6.912795603,-5.096612139,1.457387881,-3.49708695,0.000470368,0.053994158,MUSNIGT00022780,GDNF,ENSMPUG00000014888,glial cell derived neurotrophic factor [Source:NCBI gene;Acc:101676827],glial cell derived neurotrophic factor [Source:HGNC Symbol;Acc:HGNC:4232],-34.2163067,6.912795603,5.618178114,2.234529013,2.514256061,0.011928379,0.880921263,49.11793875
MUSNIGG00030031,7.271976191,-4.989166493,1.531048239,-3.258660548,0.001119395,0.080069679,MUSNIGT00036121,NA,NA,NA,NA,-31.76060509,7.271976191,5.606717467,2.346799579,2.389090878,0.016890124,0.999566779,48.72929575
MUSNIGG00016304,24.71710242,-4.747739656,1.224672641,-3.87674183,0.000105865,0.024590748,MUSNIGT00019926,USP15,ENSMPUG00000016712,ubiquitin specific peptidase 15 [Source:HGNC Symbol;Acc:HGNC:12613],ubiquitin specific peptidase 15 [Source:HGNC Symbol;Acc:HGNC:12613],-26.86655909,24.71710242,4.364262655,1.800431441,2.424009355,0.01535021,0.999566779,20.59557722
MUSNIGG00042824,15.13328962,-4.601057174,1.029829433,-4.467785659,7.90E-06,0.010174195,MUSNIGT00051620,TNXB,ENSMPUG00000010312,tenascin XB [Source:HGNC Symbol;Acc:HGNC:11976],tenascin XB [Source:HGNC Symbol;Acc:HGNC:11976],-24.26924249,15.13328962,5.755381465,1.660940707,3.465133609,0.000529968,0.234831661,54.01849218
MUSNIGG00031706,22.08219783,-4.496679482,1.220255134,-3.685032215,0.000228674,0.037075632,MUSNIGT00038115,KCNJ5,ENSMPUG00000008658,potassium inwardly rectifying channel subfamily J member 5 [Source:HGNC Symbol;Acc:HGNC:6266],potassium inwardly rectifying channel subfamily J member 5 [Source:HGNC Symbol;Acc:HGNC:6266],-22.57539744,22.08219783,4.639645359,1.837616803,2.524816573,0.011575869,0.870153953,24.92713825
MUSNIGG00003928,10.51229882,-4.461616027,1.259720765,-3.541750007,0.000397482,0.052234855,MUSNIGT00004817,NA,NA,NA,NA,-22.03333579,10.51229882,4.14739774,1.885728362,2.199361172,0.027852251,0.999566779,17.72111826
MUSNIGG00037315,15.12367088,-4.336481372,0.973271284,-4.455573123,8.37E-06,0.010174195,MUSNIGT00044944,ECM2,ENSMPUG00000004720,extracellular matrix protein 2 [Source:NCBI gene;Acc:101689550],extracellular matrix protein 2 [Source:HGNC Symbol;Acc:HGNC:3154],-20.20277228,15.12367088,3.970070913,1.476201484,2.689382823,0.007158427,0.859062739,15.67149504
MUSNIGG00032812,80.16005465,-4.293238463,0.980903167,-4.376821899,1.20E-05,0.011714681,MUSNIGT00039449,GUCY1A3,NA,NA,NA,-19.60620575,80.16005465,3.77770478,1.476037472,2.559355607,0.010486641,0.859062739,13.71520974
MUSNIGG00042909,6.618923587,-4.25854648,1.219108651,-3.493164022,0.000477333,0.053994158,MUSNIGT00051725,SYNGAP1,ENSMPUG00000002431,synaptic Ras GTPase activating protein 1 [Source:HGNC Symbol;Acc:HGNC:11497],synaptic Ras GTPase activating protein 1 [Source:HGNC Symbol;Acc:HGNC:11497],-19.14036558,6.618923587,3.950023769,1.83639652,2.150964526,0.031479,0.999566779,15.45523589
MUSNIGG00013171,147.1967224,-4.159702137,0.819302711,-5.077124829,3.83E-07,0.001863832,MUSNIGT00016172,MECOM,ENSMPUG00000017083,MDS1 and EVI1 complex locus [Source:NCBI gene;Acc:101684534],MDS1 and EVI1 complex locus [Source:HGNC Symbol;Acc:HGNC:3498],-17.87290373,147.1967224,4.524813955,1.246109599,3.631152474,0.000282158,0.137111314,23.01996851
MUSNIGG00032920,54.07783993,-3.994435479,1.262010628,-3.165136164,0.001550104,0.088225171,MUSNIGT00039573,PKD2,ENSMPUG00000002232,"polycystin 2, transient receptor potential cation channel [Source:NCBI gene;Acc:101672143]","polycystin 2, transient receptor potential cation channel [Source:HGNC Symbol;Acc:HGNC:9009]",-15.93840634,54.07783993,4.308451501,1.887585982,2.282519335,0.022458697,0.999566779,19.81404462
MUSNIGG00039091,60.23030479,-3.890973372,0.978641302,-3.975893276,7.01E-05,0.022736141,MUSNIGT00047103,PLK1S1,NA,NA,NA,-14.83541492,60.23030479,4.466968135,1.486305656,3.005416899,0.002652171,0.607062942,22.11522683
MUSNIGG00020381,18.74833487,-3.849334952,0.9631327,-3.996681822,6.42E-05,0.022317612,MUSNIGT00024816,ZNF879,ENSMPUG00000000701,zinc finger protein 879 [Source:HGNC Symbol;Acc:HGNC:37273],zinc finger protein 879 [Source:HGNC Symbol;Acc:HGNC:37273],-14.41336166,18.74833487,3.964347139,1.469862587,2.697086908,0.006994901,0.859062739,15.60944286
MUSNIGG00009560,5.916157259,-3.845476891,1.64238111,-2.341403507,0.019211391,0.250392466,MUSNIGT00011699,GAS2L2,ENSMPUG00000014920,growth arrest specific 2 like 2 [Source:HGNC Symbol;Acc:HGNC:24846],growth arrest specific 2 like 2 [Source:HGNC Symbol;Acc:HGNC:24846],-14.37486887,5.916157259,5.233614306,2.520561666,2.076368286,0.037859902,0.999566779,37.62485993
MUSNIGG00011015,8.061104674,-3.83975235,1.574079648,-2.439363443,0.014713162,0.225221108,MUSNIGT00013474,PLIN4,NA,NA,perilipin 4 [Source:HGNC Symbol;Acc:HGNC:29393],-14.31794313,8.061104674,5.715947412,2.443164167,2.339567471,0.019306084,0.999566779,52.56196885
MUSNIGG00012791,20.40384097,-3.777076881,0.935361734,-4.038092156,5.39E-05,0.022317612,MUSNIGT00015700,NA,NA,NA,NA,-13.70924182,20.40384097,3.316215841,1.419045471,2.336934164,0.019442608,0.999566779,9.960483958
MUSNIGG00027153,6.691288418,-3.721510134,1.062795918,-3.501622533,0.000462434,0.053994158,MUSNIGT00032636,FAM117B,ENSMPUG00000000358,family with sequence similarity 117 member B [Source:HGNC Symbol;Acc:HGNC:14440],family with sequence similarity 117 member B [Source:HGNC Symbol;Acc:HGNC:14440],-13.19125693,6.691288418,3.920078171,1.639945443,2.390371087,0.016831357,0.999566779,15.13774255
MUSNIGG00022468,20.84117661,-3.679692329,1.063199059,-3.460962739,0.000538247,0.054542394,MUSNIGT00027302,FAN1,ENSMPUG00000011100,FANCD2 and FANCI associated nuclease 1 [Source:HGNC Symbol;Acc:HGNC:29170],FANCD2 and FANCI associated nuclease 1 [Source:HGNC Symbol;Acc:HGNC:29170],-12.81438494,20.84117661,3.628704054,1.604882012,2.261041016,0.023756717,0.999566779,12.36940375
MUSNIGG00004678,9.429342498,-3.666514052,0.911683636,-4.021695585,5.78E-05,0.022317612,MUSNIGT00005736,SERPINB8,ENSMPUG00000016593,serpin family B member 8 [Source:HGNC Symbol;Acc:HGNC:8952],serpin family B member 8 [Source:HGNC Symbol;Acc:HGNC:8952],-12.69786511,9.429342498,3.888873419,1.415232332,2.747869259,0.005998392,0.847639153,14.81383654
MUSNIGG00008680,15.31763874,-3.626728305,0.956683638,-3.790937944,0.000150079,0.028966511,MUSNIGT00010589,TNRC6C,ENSMPUG00000013348,trinucleotide repeat containing adaptor 6C [Source:HGNC Symbol;Acc:HGNC:29318],trinucleotide repeat containing adaptor 6C [Source:HGNC Symbol;Acc:HGNC:29318],-12.35247563,15.31763874,3.919732115,1.468252154,2.669658686,0.007592839,0.859062739,15.13411192
MUSNIGG00019995,13.61583308,-3.491569023,1.014671236,-3.441084067,0.000579388,0.055257757,MUSNIGT00024370,ERAP2,ENSMPUG00000004410,endoplasmic reticulum aminopeptidase 2 [Source:HGNC Symbol;Acc:HGNC:29499],endoplasmic reticulum aminopeptidase 2 [Source:HGNC Symbol;Acc:HGNC:29499],-11.24778504,13.61583308,3.323655463,1.535595473,2.164408219,0.030433034,0.999566779,10.01198037
MUSNIGG00021503,4.726034391,-3.43173008,1.179936788,-2.908401632,0.003632814,0.125429538,MUSNIGT00026138,NA,NA,NA,NA,-10.79080119,4.726034391,3.749535493,1.819412424,2.06084967,0.039317384,0.999566779,13.45001143
MUSNIGG00017748,37.26271632,-3.421052193,0.852251981,-4.014132286,5.97E-05,0.022317612,MUSNIGT00021698,BORA,ENSMPUG00000010264,BORA aurora kinase A activator [Source:HGNC Symbol;Acc:HGNC:24724],BORA aurora kinase A activator [Source:HGNC Symbol;Acc:HGNC:24724],-10.71122955,37.26271632,3.578435989,1.302439655,2.747486975,0.006005389,0.847639153,11.9458366
MUSNIGG00037190,49.82546016,-3.408524221,0.924668101,-3.6862137,0.000227615,0.037075632,MUSNIGT00044790,TRPM3,ENSMPUG00000009171,transient receptor potential cation channel subfamily M member 3 [Source:HGNC Symbol;Acc:HGNC:17992],transient receptor potential cation channel subfamily M member 3 [Source:HGNC Symbol;Acc:HGNC:17992],-10.61861883,49.82546016,5.459220208,1.44198083,3.785917326,0.000153143,0.097386853,43.99355276
MUSNIGG00037299,25.00017689,-3.407187181,0.979662357,-3.477919874,0.000505321,0.054524075,MUSNIGT00044924,KIAA1432,NA,NA,NA,-10.60878242,25.00017689,3.875469845,1.49326041,2.595307435,0.009450634,0.859062739,14.67684374
MUSNIGG00002137,3.118737865,-3.220151223,1.386876464,-2.321873149,0.020239767,0.255704485,MUSNIGT00002573,NPFFR1,ENSMPUG00000004321,neuropeptide FF receptor 1 [Source:HGNC Symbol;Acc:HGNC:17425],neuropeptide FF receptor 1 [Source:HGNC Symbol;Acc:HGNC:17425],-9.318845438,3.118737865,4.379974026,2.160093721,2.027677774,0.042593146,0.999566779,20.82109482
MUSNIGG00042379,190.8832523,-3.213515959,0.868724411,-3.699120133,0.000216348,0.037075632,MUSNIGT00051098,HIVEP1,ENSMPUG00000000674,HIVEP zinc finger 1 [Source:HGNC Symbol;Acc:HGNC:4920],HIVEP zinc finger 1 [Source:HGNC Symbol;Acc:HGNC:4920],-9.276084478,190.8832523,3.314839287,1.285453745,2.578730895,0.0099164,0.859062739,9.950984648
MUSNIGG00018786,33.32171539,-3.212938201,1.021219964,-3.146176449,0.001654202,0.090869657,MUSNIGT00022906,PELO,NA,NA,pelota mRNA surveillance and ribosome rescue factor [Source:HGNC Symbol;Acc:HGNC:8829],-9.272370417,33.32171539,3.448325724,1.543580594,2.233978412,0.025484494,0.999566779,10.91564688
MUSNIGG00018358,42.47868382,-3.210552727,0.955188954,-3.361170282,0.00077613,0.065515497,MUSNIGT00022411,KIAA0947,NA,NA,NA,-9.257051362,42.47868382,2.922903002,1.443850777,2.024380253,0.042931042,0.999566779,7.58370582
MUSNIGG00000588,30.62233462,-3.143014565,0.800418601,-3.926713548,8.61E-05,0.023270035,MUSNIGT00000710,SPAM1,ENSMPUG00000006764,sperm adhesion molecule 1 [Source:HGNC Symbol;Acc:HGNC:11217],sperm adhesion molecule 1 [Source:HGNC Symbol;Acc:HGNC:11217],-8.833679958,30.62233462,2.435685248,1.217797493,2.000074119,0.045492261,0.999566779,5.410212453
MUSNIGG00027775,33.18165175,-3.120152819,0.807346147,-3.864702682,0.000111225,0.024590748,MUSNIGT00033439,KCNJ3,ENSMPUG00000000433,potassium inwardly rectifying channel subfamily J member 3 [Source:HGNC Symbol;Acc:HGNC:6264],potassium inwardly rectifying channel subfamily J member 3 [Source:HGNC Symbol;Acc:HGNC:6264],-8.69479986,33.18165175,3.018044355,1.234001869,2.445737265,0.01445563,0.999566779,8.100687509
MUSNIGG00038603,45.78175798,-3.11477996,0.860596381,-3.619327281,0.00029537,0.043195499,MUSNIGT00046512,REL,ENSMPUG00000005180,"REL proto-oncogene, NF-kB subunit [Source:HGNC Symbol;Acc:HGNC:9954]","REL proto-oncogene, NF-kB subunit [Source:HGNC Symbol;Acc:HGNC:9954]",-8.662479062,45.78175798,2.833997847,1.304486842,2.17250014,0.029817959,0.999566779,7.130473324
MUSNIGG00009379,21.23120215,-3.100959101,0.839327124,-3.694577491,0.000220253,0.037075632,MUSNIGT00011472,UTP18,ENSMPUG00000015582,UTP18 small subunit processome component [Source:HGNC Symbol;Acc:HGNC:24274],UTP18 small subunit processome component [Source:HGNC Symbol;Acc:HGNC:24274],-8.5798897,21.23120215,2.894056231,1.279965638,2.261042129,0.023756648,0.999566779,7.433575124
MUSNIGG00013155,35.2072325,-3.069845448,0.952782828,-3.221978144,0.001273088,0.083322588,MUSNIGT00016151,SLC7A14,ENSMPUG00000017112,solute carrier family 7 member 14 [Source:NCBI gene;Acc:101694222],solute carrier family 7 member 14 [Source:HGNC Symbol;Acc:HGNC:29326],-8.396833889,35.2072325,3.754352294,1.451420424,2.586674565,0.009690707,0.859062739,13.49499273
MUSNIGG00024257,6.381043006,-3.052480892,1.286241758,-2.373178194,0.017635753,0.240955912,MUSNIGT00029487,FAM161B,ENSMPUG00000009566,FAM161 centrosomal protein B [Source:HGNC Symbol;Acc:HGNC:19854],FAM161 centrosomal protein B [Source:HGNC Symbol;Acc:HGNC:19854],-8.296373768,6.381043006,3.901950879,1.969024828,1.981666672,0.04751656,0.999566779,14.94872856
MUSNIGG00033454,22.87024436,-3.047380212,0.879452445,-3.465088112,0.000530058,0.054542394,MUSNIGT00040198,CCRN4L,NA,NA,NA,-8.267093549,22.87024436,2.855399286,1.336923809,2.135798067,0.032695877,0.999566779,7.237037696
MUSNIGG00016213,4.733179275,-3.013194611,0.979434948,-3.076462217,0.002094728,0.09796884,MUSNIGT00019804,SPRYD4,ENSMPUG00000001489,SPRY domain containing 4 [Source:HGNC Symbol;Acc:HGNC:27468],SPRY domain containing 4 [Source:HGNC Symbol;Acc:HGNC:27468],-8.073502062,4.733179275,4.13164384,1.586961094,2.603494096,0.009227886,0.859062739,17.5286604
MUSNIGG00006903,66.72213732,-3.00286453,0.881729343,-3.405653394,0.000660059,0.060576,MUSNIGT00008416,ZNF430,NA,NA,zinc finger protein 430 [Source:HGNC Symbol;Acc:HGNC:20808],-8.015900109,66.72213732,3.535505679,1.342860079,2.632817622,0.00846798,0.859062739,11.5956009
MUSNIGG00040976,4.391019289,-2.999892616,1.19921346,-2.501550154,0.012365093,0.212518227,MUSNIGT00049404,PTPRF,ENSMPUG00000013665,protein tyrosine phosphatase receptor type F [Source:HGNC Symbol;Acc:HGNC:9670],protein tyrosine phosphatase receptor type F [Source:HGNC Symbol;Acc:HGNC:9670],-7.99940456,4.391019289,4.666725452,1.933972726,2.413025473,0.015820714,0.999566779,25.39945176
MUSNIGG00000548,3.520024566,-2.955627459,1.129651558,-2.616406304,0.008886075,0.182095976,MUSNIGT00000666,FSCN3,ENSMPUG00000006639,fascin actin-bundling protein 3 [Source:HGNC Symbol;Acc:HGNC:3961],fascin actin-bundling protein 3 [Source:HGNC Symbol;Acc:HGNC:3961],-7.757691786,3.520024566,3.567293879,1.762239997,2.02429515,0.042939792,0.999566779,11.8539328
MUSNIGG00013996,35.70059416,-2.950940877,1.024995707,-2.878978768,0.003989652,0.129371113,MUSNIGT00017147,NA,NA,NA,NA,-7.732531886,35.70059416,5.214374839,1.588571109,3.282430865,0.001029162,0.361021518,37.12643382
MUSNIGG00041136,7.23110371,-2.937817788,1.134692596,-2.589086946,0.009623079,0.186480709,MUSNIGT00049598,SELRC1,NA,NA,NA,-7.662513913,7.23110371,3.53311777,1.73362173,2.037998087,0.041550124,0.999566779,11.57642405
MUSNIGG00002219,27.23399617,-2.936142955,0.844386219,-3.477251156,0.000506583,0.054524075,MUSNIGT00002682,SAMD8,ENSMPUG00000003283,sterile alpha motif domain containing 8 [Source:HGNC Symbol;Acc:HGNC:26320],sterile alpha motif domain containing 8 [Source:HGNC Symbol;Acc:HGNC:26320],-7.653623614,27.23399617,2.635827847,1.284690841,2.051721521,0.040196734,0.999566779,6.215316447
MUSNIGG00013733,40.603789,-2.889184927,0.898207246,-3.216612804,0.001297135,0.083322588,MUSNIGT00016854,COL8A1,ENSMPUG00000011313,collagen type VIII alpha 1 chain [Source:HGNC Symbol;Acc:HGNC:2215],collagen type VIII alpha 1 chain [Source:HGNC Symbol;Acc:HGNC:2215],-7.408517754,40.603789,3.019867361,1.365048203,2.212278917,0.026947399,0.999566779,8.1109301
MUSNIGG00002313,12.96248721,-2.87941248,1.17355754,-2.453575886,0.014144369,0.222963108,MUSNIGT00002800,LRIT1,ENSMPUG00000008558,"leucine rich repeat, Ig-like and transmembrane domains 1 [Source:HGNC Symbol;Acc:HGNC:23404]","leucine rich repeat, Ig-like and transmembrane domains 1 [Source:HGNC Symbol;Acc:HGNC:23404]",-7.358503934,12.96248721,3.902096477,1.786668248,2.184007289,0.028961712,0.999566779,14.95023728
MUSNIGG00032076,86.72201043,-2.8744182,0.919106845,-3.127403756,0.001763576,0.092236895,MUSNIGT00038584,ARHGAP20,ENSMPUG00000003350,Rho GTPase activating protein 20 [Source:HGNC Symbol;Acc:HGNC:18357],Rho GTPase activating protein 20 [Source:HGNC Symbol;Acc:HGNC:18357],-7.333074517,86.72201043,3.081680894,1.375272045,2.240779128,0.025040386,0.999566779,8.466002377
MUSNIGG00028122,117.0393836,-2.87144093,0.759001959,-3.783179867,0.000154837,0.028966511,MUSNIGT00033879,ZNF804A,ENSMPUG00000018429,zinc finger protein 804A [Source:HGNC Symbol;Acc:HGNC:21711],zinc finger protein 804A [Source:HGNC Symbol;Acc:HGNC:21711],-7.317956959,117.0393836,2.876914365,1.133728375,2.53756934,0.011162525,0.859062739,7.345773257
MUSNIGG00037524,8.285835433,-2.860399856,1.246597771,-2.294565194,0.021758055,0.264577947,MUSNIGT00045200,MYT1L,ENSMPUG00000012946,myelin transcription factor 1 like [Source:HGNC Symbol;Acc:HGNC:7623],myelin transcription factor 1 like [Source:HGNC Symbol;Acc:HGNC:7623],-7.262165737,8.285835433,4.609411991,1.954674142,2.358148549,0.018366342,0.999566779,24.41019629
MUSNIGG00030548,112.3738083,-2.841248403,0.885028152,-3.210348049,0.001325743,0.083322588,MUSNIGT00036741,OLFR1056,NA,NA,NA,-7.166399164,112.3738083,2.57074356,1.30806673,1.965300012,0.049379524,0.999566779,5.941155545
MUSNIGG00034485,4.968249069,-2.81819992,0.975421742,-2.889211711,0.00386209,0.126927052,MUSNIGT00041444,FAM175A,NA,NA,NA,-7.052818535,4.968249069,3.650313363,1.548266928,2.357677024,0.018389685,0.999566779,12.55607254
MUSNIGG00044420,34.93452905,-2.8136347,0.938091376,-2.999318372,0.002705844,0.113458837,MUSNIGT00053571,FNDC1,ENSMPUG00000005104,fibronectin type III domain containing 1 [Source:HGNC Symbol;Acc:HGNC:21184],fibronectin type III domain containing 1 [Source:HGNC Symbol;Acc:HGNC:21184],-7.030536081,34.93452905,3.91457675,1.435808307,2.726392325,0.006403084,0.847639153,15.0801278
MUSNIGG00036557,22.68028438,-2.807932985,1.179467173,-2.380679217,0.017280753,0.237439497,MUSNIGT00044023,ZBTB5,ENSMPUG00000018533,zinc finger and BTB domain containing 5 [Source:HGNC Symbol;Acc:HGNC:23836],zinc finger and BTB domain containing 5 [Source:HGNC Symbol;Acc:HGNC:23836],-7.002805339,22.68028438,4.374391491,1.794110735,2.438194815,0.014760817,0.999566779,20.74068289
MUSNIGG00017613,83.29527914,-2.798214594,0.812654879,-3.443300059,0.000574661,0.055257757,MUSNIGT00021548,PCDH17,ENSMPUG00000000877,protocadherin 17 [Source:HGNC Symbol;Acc:HGNC:14267],protocadherin 17 [Source:HGNC Symbol;Acc:HGNC:14267],-6.955791045,83.29527914,3.155421534,1.227169379,2.571300742,0.01013173,0.859062739,8.909975928
MUSNIGG00021973,32.50408168,-2.795564271,0.957181495,-2.920620892,0.003493346,0.125429538,MUSNIGT00026717,CHGB,ENSMPUG00000006312,chromogranin B [Source:HGNC Symbol;Acc:HGNC:1930],chromogranin B [Source:HGNC Symbol;Acc:HGNC:1930],-6.943024543,32.50408168,2.993548165,1.45040378,2.063941232,0.039023289,0.999566779,7.964303309
MUSNIGG00039266,32.50408168,-2.795564271,0.957181495,-2.920620892,0.003493346,0.125429538,MUSNIGT00047297,CHGB,ENSMPUG00000006312,chromogranin B [Source:HGNC Symbol;Acc:HGNC:1930],chromogranin B [Source:HGNC Symbol;Acc:HGNC:1930],-6.943024543,32.50408168,2.993548165,1.45040378,2.063941232,0.039023289,0.999566779,7.964303309
MUSNIGG00010442,20.28639901,-2.785171373,0.944933032,-2.94748017,0.003203753,0.125429538,MUSNIGT00012773,STOX2,ENSMPUG00000011066,storkhead box 2 [Source:HGNC Symbol;Acc:HGNC:25450],storkhead box 2 [Source:HGNC Symbol;Acc:HGNC:25450],-6.893188048,20.28639901,3.141914162,1.439155667,2.183164917,0.029023667,0.999566779,8.826944716
MUSNIGG00028933,46.20139262,-2.692875622,0.65910342,-4.085664772,4.40E-05,0.022317612,MUSNIGT00034808,KCNB2,NA,NA,potassium voltage-gated channel subfamily B member 2 [Source:HGNC Symbol;Acc:HGNC:6232],-6.466009479,46.20139262,2.878563582,1.020252472,2.821422796,0.004781114,0.759475514,7.35417538
MUSNIGG00011656,5.345501762,-2.682770884,1.192876912,-2.248992211,0.024512992,0.270365513,MUSNIGT00014290,LAMB2,ENSMPUG00000013872,laminin subunit beta 2 [Source:NCBI gene;Acc:101685630],laminin subunit beta 2 [Source:HGNC Symbol;Acc:HGNC:6487],-6.420879322,5.345501762,4.925914573,1.943890385,2.53404956,0.011275278,0.859062739,30.39821222
MUSNIGG00035172,36.70878492,-2.648662476,0.756785551,-3.499885105,0.000465459,0.053994158,MUSNIGT00042278,KIF14,ENSMPUG00000010474,kinesin family member 14 [Source:NCBI gene;Acc:101684147],kinesin family member 14 [Source:HGNC Symbol;Acc:HGNC:19181],-6.27085637,36.70878492,2.606940724,1.160212031,2.246951983,0.024643096,0.999566779,6.092104646
MUSNIGG00008167,17.27542154,-2.624850648,1.093810729,-2.399730207,0.01640716,0.236416612,MUSNIGT00009964,ZNF821,ENSMPUG00000007877,zinc finger protein 821 [Source:HGNC Symbol;Acc:HGNC:28043],zinc finger protein 821 [Source:HGNC Symbol;Acc:HGNC:28043],-6.168204716,17.27542154,3.546065503,1.660991907,2.134908357,0.032768497,0.999566779,11.68078642
MUSNIGG00025119,35.22413806,-2.621715854,0.905785448,-2.89441154,0.003798699,0.126927052,MUSNIGT00030462,OR1L4,NA,NA,olfactory receptor family 1 subfamily L member 4 [Source:HGNC Symbol;Acc:HGNC:8216],-6.15481654,35.22413806,3.220251961,1.379892625,2.333697494,0.019611567,0.999566779,9.319496161
MUSNIGG00031531,7.226359874,-2.618042505,1.255932268,-2.084541159,0.03711097,0.310684613,MUSNIGT00037912,KDM4D,ENSMPUG00000012267,lysine demethylase 4D [Source:HGNC Symbol;Acc:HGNC:25498],lysine demethylase 4D [Source:HGNC Symbol;Acc:HGNC:25498],-6.139165256,7.226359874,3.773905281,1.921490689,1.964050776,0.049524204,0.999566779,13.67913672
MUSNIGG00010426,60.25380875,-2.589983802,0.713385579,-3.630552508,0.000282815,0.043195499,MUSNIGT00012755,TENM3,ENSMPUG00000010987,teneurin transmembrane protein 3 [Source:HGNC Symbol;Acc:HGNC:29944],teneurin transmembrane protein 3 [Source:HGNC Symbol;Acc:HGNC:29944],-6.020919389,60.25380875,3.260788444,1.101225845,2.96105332,0.003065889,0.622147595,9.58506652
MUSNIGG00025793,11.19801602,-2.56256722,1.064589354,-2.407094537,0.016080007,0.234874333,MUSNIGT00031170,NA,NA,NA,NA,-5.90757983,11.19801602,4.249951174,1.654428238,2.568833798,0.010204138,0.859062739,19.02666989
MUSNIGG00015935,26.17502471,-2.558055834,1.153523071,-2.217602662,0.026581936,0.275094762,NA,NA,NA,NA,NA,-5.889135359,26.17502471,4.014571237,1.748673031,2.295781525,0.021688376,0.999566779,16.16241903
MUSNIGG00022914,12.89478774,-2.54424772,1.215440555,-2.093272032,0.036324878,0.30636889,MUSNIGT00027860,SALL2,ENSMPUG00000000199,spalt like transcription factor 2 [Source:HGNC Symbol;Acc:HGNC:10526],spalt like transcription factor 2 [Source:HGNC Symbol;Acc:HGNC:10526],-5.833039001,12.89478774,4.325161434,1.869584392,2.313434715,0.02069875,0.999566779,20.04487386
MUSNIGG00038848,28.25158391,-2.521700163,0.816929224,-3.086803714,0.002023211,0.097492311,MUSNIGT00046808,AFF3,ENSMPUG00000012091,AF4/FMR2 family member 3 [Source:HGNC Symbol;Acc:HGNC:6473],AF4/FMR2 family member 3 [Source:HGNC Symbol;Acc:HGNC:6473],-5.742584431,28.25158391,3.022153848,1.254011472,2.409988996,0.015953002,0.999566779,8.123795077
MUSNIGG00032744,33.74558798,-2.473377048,0.79356669,-3.116785369,0.001828346,0.093611331,MUSNIGT00039368,FSTL5,NA,NA,follistatin like 5 [Source:HGNC Symbol;Acc:HGNC:21386],-5.553422071,33.74558798,2.5500757,1.213847853,2.100819879,0.035656781,0.999566779,5.856650082
MUSNIGG00009634,106.4465345,-2.414074385,0.887190698,-2.721032119,0.006507844,0.154410499,MUSNIGT00011790,EVI2B,ENSMPUG00000019512,ecotropic viral integration site 2B [Source:HGNC Symbol;Acc:HGNC:3500],ecotropic viral integration site 2B [Source:HGNC Symbol;Acc:HGNC:3500],-5.329774094,106.4465345,2.812245447,1.319568735,2.131185267,0.033073882,0.999566779,7.023769239
MUSNIGG00026055,12.69253423,-2.384332973,1.046516553,-2.278351896,0.02270562,0.267127672,MUSNIGT00031440,IFT172,NA,NA,intraflagellar transport 172 [Source:HGNC Symbol;Acc:HGNC:30391],-5.221024662,12.69253423,3.790559755,1.612464072,2.35078711,0.018733749,0.999566779,13.83796369
MUSNIGG00004190,11.30300589,-2.370054629,0.837974155,-2.82831471,0.004679378,0.139674313,MUSNIGT00005137,GREB1L,ENSMPUG00000005516,GREB1 like retinoic acid receptor coactivator [Source:HGNC Symbol;Acc:HGNC:31042],GREB1 like retinoic acid receptor coactivator [Source:HGNC Symbol;Acc:HGNC:31042],-5.169607071,11.30300589,2.664277339,1.289196441,2.066618595,0.038770107,0.999566779,6.339096977
MUSNIGG00033442,66.08985013,-2.360353831,0.832956334,-2.833706565,0.004601156,0.139674313,MUSNIGT00040185,PCDH18,ENSMPUG00000016149,protocadherin 18 [Source:HGNC Symbol;Acc:HGNC:14268],protocadherin 18 [Source:HGNC Symbol;Acc:HGNC:14268],-5.134962821,66.08985013,3.739260733,1.277935431,2.926016949,0.003433322,0.622147595,13.3545618
MUSNIGG00031419,10.79826785,-2.317956433,1.10405898,-2.099486055,0.035774076,0.30636889,MUSNIGT00037780,FZD4,ENSMPUG00000010353,frizzled class receptor 4 [Source:HGNC Symbol;Acc:HGNC:4042],frizzled class receptor 4 [Source:HGNC Symbol;Acc:HGNC:4042],-4.986254197,10.79826785,4.106964692,1.719155085,2.388943689,0.016896892,0.999566779,17.23136029
MUSNIGG00032473,3.980836951,-2.295887473,1.125507644,-2.039868397,0.041363435,0.326609981,MUSNIGT00039050,SOX7,NA,NA,SRY-box transcription factor 7 [Source:HGNC Symbol;Acc:HGNC:18196],-4.910559709,3.980836951,3.586417165,1.778935265,2.016047034,0.043795058,0.999566779,12.01210566
MUSNIGG00016415,3.320528649,-2.295765302,1.134076383,-2.024348039,0.042934354,0.332536144,MUSNIGT00020062,NTF3,ENSMPUG00000020130,neurotrophin 3 [Source:HGNC Symbol;Acc:HGNC:8023],neurotrophin 3 [Source:HGNC Symbol;Acc:HGNC:8023],-4.910143888,3.320528649,4.275280469,1.855974201,2.303523652,0.021249398,0.999566779,19.36366948
MUSNIGG00032765,23.57455183,-2.27900748,0.630670201,-3.613627973,0.000301942,0.043195499,MUSNIGT00039394,RAPGEF2,ENSMPUG00000018112,Rap guanine nucleotide exchange factor 2 [Source:HGNC Symbol;Acc:HGNC:16854],Rap guanine nucleotide exchange factor 2 [Source:HGNC Symbol;Acc:HGNC:16854],-4.853439406,23.57455183,2.099482279,0.976033182,2.151035762,0.031473377,0.999566779,4.285555672
MUSNIGG00013714,34.00094292,-2.272333167,0.779238929,-2.916092975,0.003544449,0.125429538,MUSNIGT00016824,NA,NA,NA,NA,-4.831037886,34.00094292,3.246804994,1.202939108,2.699060137,0.006953561,0.859062739,9.492611201
MUSNIGG00011452,4.484826832,-2.250606059,0.994550212,-2.262938594,0.023639475,0.267410591,MUSNIGT00014027,NWD1,ENSMPUG00000016016,NACHT and WD repeat domain containing 1 [Source:HGNC Symbol;Acc:HGNC:27619],NACHT and WD repeat domain containing 1 [Source:HGNC Symbol;Acc:HGNC:27619],-4.758827168,4.484826832,3.393886091,1.580479332,2.147377711,0.031763224,0.999566779,10.51142305
MUSNIGG00017162,31.44908571,-2.231626186,0.808179548,-2.761300001,0.005757177,0.148163528,MUSNIGT00020998,SPATA13,NA,NA,spermatogenesis associated 13 [Source:HGNC Symbol;Acc:HGNC:23222],-4.696630793,31.44908571,2.464785812,1.235758608,1.994552816,0.046091674,0.999566779,5.520449765
MUSNIGG00017162,31.44908571,-2.231626186,0.808179548,-2.761300001,0.005757177,0.148163528,MUSNIGT00020998,SPATA13,NA,NA,spermatogenesis associated 13 [Source:NCBI gene (formerly Entrezgene);Acc:221178],-4.696630793,31.44908571,2.464785812,1.235758608,1.994552816,0.046091674,0.999566779,5.520449765
MUSNIGG00017512,37.99968756,-2.220437508,0.839970156,-2.643471905,0.008206058,0.176110698,MUSNIGT00021431,TSC22D1,ENSMPUG00000001669,TSC22 domain family member 1 [Source:HGNC Symbol;Acc:HGNC:16826],TSC22 domain family member 1 [Source:HGNC Symbol;Acc:HGNC:16826],-4.660347415,37.99968756,4.302122206,1.308814896,3.287036401,0.001012477,0.361021518,19.72730817
MUSNIGG00026151,113.9008466,-2.207766292,0.705647906,-3.128708059,0.001755767,0.092236895,MUSNIGT00031537,C2ORF16,NA,NA,NA,-4.619594731,113.9008466,2.798569111,1.060279583,2.63946336,0.00830374,0.859062739,6.957500519
MUSNIGG00034941,40.2802782,-2.186010412,0.744699111,-2.935427717,0.003330882,0.125429538,MUSNIGT00041997,RASAL2,ENSMPUG00000005113,RAS protein activator like 2 [Source:HGNC Symbol;Acc:HGNC:9874],RAS protein activator like 2 [Source:HGNC Symbol;Acc:HGNC:9874],-4.550453752,40.2802782,2.668986681,1.145678985,2.329611275,0.019826706,0.999566779,6.359823294
MUSNIGG00016934,15.91921168,-2.156962375,0.90291843,-2.388878444,0.016899893,0.236416612,MUSNIGT00020715,HSPA14,ENSMPUG00000000926,heat shock protein family A (Hsp70) member 14 [Source:HGNC Symbol;Acc:HGNC:29526],heat shock protein family A (Hsp70) member 14 [Source:HGNC Symbol;Acc:HGNC:29526],-4.459748564,15.91921168,2.932532232,1.383899834,2.119035035,0.034087506,0.999566779,7.634492365
MUSNIGG00035625,29.43268019,-2.143732747,0.899108826,-2.384286179,0.017112289,0.236660975,MUSNIGT00042835,OR10T2,ENSMPUG00000012850,olfactory receptor 10T2 [Source:NCBI gene;Acc:101681424],olfactory receptor family 10 subfamily T member 2 [Source:HGNC Symbol;Acc:HGNC:14816],-4.419039257,29.43268019,2.847438611,1.370240022,2.078058271,0.037703992,0.999566779,7.197214274
MUSNIGG00026807,5.840939361,-2.12947179,0.974415266,-2.185384266,0.028860683,0.286998055,MUSNIGT00032207,CTAGE5,NA,NA,NA,-4.375572497,5.840939361,3.442929721,1.529216781,2.25143339,0.024358101,0.999566779,10.87489617
MUSNIGG00013357,255.6459979,-2.1133514,0.629000192,-3.359858116,0.000779825,0.065515497,MUSNIGT00016397,IGSF10,ENSMPUG00000002663,immunoglobulin superfamily member 10 [Source:HGNC Symbol;Acc:HGNC:26384],immunoglobulin superfamily member 10 [Source:HGNC Symbol;Acc:HGNC:26384],-4.326952849,255.6459979,2.803786109,0.933767361,3.002660218,0.002676311,0.607062942,6.982705411
MUSNIGG00027042,47.44634537,-2.094029446,0.653951959,-3.202115106,0.001364225,0.083322588,MUSNIGT00032490,DNAH7,ENSMPUG00000007510,dynein axonemal heavy chain 7 [Source:NCBI gene;Acc:101691572],dynein axonemal heavy chain 7 [Source:HGNC Symbol;Acc:HGNC:18661],-4.269388492,47.44634537,2.305664523,1.002147917,2.300722763,0.021407307,0.999566779,4.94395127
MUSNIGG00027877,76.45984232,-2.066073872,0.74487958,-2.773701855,0.005542245,0.148163528,MUSNIGT00033575,SCN3A,ENSMPUG00000000669,sodium voltage-gated channel alpha subunit 3 [Source:HGNC Symbol;Acc:HGNC:10590],sodium voltage-gated channel alpha subunit 3 [Source:HGNC Symbol;Acc:HGNC:10590],-4.187455537,76.45984232,2.428530053,1.120793233,2.166795784,0.030250429,0.999566779,5.383446373
MUSNIGG00031170,119.4218945,-2.065245985,0.78974633,-2.615075128,0.008920783,0.182095976,MUSNIGT00037467,OR52R1,NA,NA,olfactory receptor family 52 subfamily R member 1 [Source:HGNC Symbol;Acc:HGNC:15235],-4.185053265,119.4218945,2.343743419,1.170253025,2.002766384,0.04520237,0.999566779,5.076180674
MUSNIGG00019336,18.83773949,-2.057516412,0.980709127,-2.097988442,0.035906166,0.30636889,MUSNIGT00023577,TRPC7,ENSMPUG00000009931,transient receptor potential cation channel subfamily C member 7 [Source:HGNC Symbol;Acc:HGNC:20754],transient receptor potential cation channel subfamily C member 7 [Source:HGNC Symbol;Acc:HGNC:20754],-4.162690834,18.83773949,3.13853347,1.497192702,2.096278899,0.036057457,0.999566779,8.806284602
MUSNIGG00036407,39.81177619,-2.045704522,1.005767753,-2.033973066,0.041954311,0.328080015,MUSNIGT00043847,ZNF462,ENSMPUG00000007211,zinc finger protein 462 [Source:HGNC Symbol;Acc:HGNC:21684],zinc finger protein 462 [Source:HGNC Symbol;Acc:HGNC:21684],-4.128748446,39.81177619,5.000551833,1.560631596,3.204184669,0.001354456,0.412008194,32.01224239
MUSNIGG00023181,142.9934912,-2.025982858,0.651693188,-3.10879858,0.001878497,0.094755801,MUSNIGT00028169,MGA,ENSMPUG00000008968,MAX dimerization protein MGA [Source:HGNC Symbol;Acc:HGNC:14010],MAX dimerization protein MGA [Source:HGNC Symbol;Acc:HGNC:14010],-4.072692409,142.9934912,1.992031358,0.966138813,2.061847978,0.039222212,0.999566779,3.977967137
MUSNIGG00009024,124.3807377,-2.013307253,0.727713605,-2.766620329,0.005664068,0.148163528,MUSNIGT00011031,LRRC37B,NA,NA,leucine rich repeat containing 37B [Source:HGNC Symbol;Acc:HGNC:29070],-4.037066225,124.3807377,-2.079826349,1.052336135,-1.976389747,0.048110652,0.999566779,-4.227563278
MUSNIGG00020167,11.85761522,-2.002071146,0.951724322,-2.103625072,0.035411165,0.304748079,MUSNIGT00024573,ZNF608,ENSMPUG00000012945,zinc finger protein 608 [Source:HGNC Symbol;Acc:HGNC:29238],zinc finger protein 608 [Source:HGNC Symbol;Acc:HGNC:29238],-4.005746559,11.85761522,2.967432438,1.463155849,2.028104142,0.04254962,0.999566779,7.821430198
MUSNIGG00023217,40.68576939,-2.001250252,0.894533152,-2.237200764,0.025273221,0.275094762,MUSNIGT00028221,MAP1A,ENSMPUG00000010274,microtubule associated protein 1A [Source:HGNC Symbol;Acc:HGNC:6835],microtubule associated protein 1A [Source:HGNC Symbol;Acc:HGNC:6835],-4.003467938,40.68576939,4.163101123,1.381857502,3.012684823,0.002589477,0.607062942,17.9150619
MUSNIGG00026107,8.042757622,-2.000646262,0.999049335,-2.002550015,0.04522561,0.339471242,MUSNIGT00031493,C2ORF78,NA,NA,NA,-4.00179222,8.042757622,3.205926534,1.554173135,2.062785967,0.039132968,0.999566779,9.227414946
MUSNIGG00001237,449.1786123,-1.982599233,0.736741,-2.691039635,0.007122973,0.163841398,MUSNIGT00001513,PCLO,ENSMPUG00000018297,piccolo presynaptic cytomatrix protein [Source:HGNC Symbol;Acc:HGNC:13406],piccolo presynaptic cytomatrix protein [Source:HGNC Symbol;Acc:HGNC:13406],-3.952044612,449.1786123,2.61402165,1.078645452,2.42342991,0.01537472,0.999566779,6.122078949
MUSNIGG00013469,7.13475874,-1.89803742,0.940021851,-2.019141809,0.043472482,0.333516411,MUSNIGT00016533,GRK7,ENSMPUG00000012168,G protein-coupled receptor kinase 7 [Source:HGNC Symbol;Acc:HGNC:17031],G protein-coupled receptor kinase 7 [Source:HGNC Symbol;Acc:HGNC:17031],-3.727058386,7.13475874,3.77962262,1.479354393,2.554913573,0.010621417,0.859062739,13.73345411
MUSNIGG00004307,14.13398705,-1.860790472,0.770313422,-2.41562774,0.015708112,0.232939801,MUSNIGT00005279,FAM59A,NA,NA,NA,-3.632066133,14.13398705,2.660010612,1.196980739,2.222266846,0.026265277,0.999566779,6.320376985
MUSNIGG00023200,177.6537992,-1.775946552,0.801658094,-2.215341633,0.026736624,0.275730286,MUSNIGT00028201,STARD9,NA,NA,StAR related lipid transfer domain containing 9 [Source:HGNC Symbol;Acc:HGNC:19162],-3.424626262,177.6537992,3.109824222,1.194632861,2.603163134,0.009236799,0.859062739,8.63277401
MUSNIGG00031485,192.2138955,-1.755174682,0.703536909,-2.494786927,0.012603278,0.21285537,MUSNIGT00037853,FAT3,ENSMPUG00000010556,FAT atypical cadherin 3 [Source:HGNC Symbol;Acc:HGNC:23112],FAT atypical cadherin 3 [Source:HGNC Symbol;Acc:HGNC:23112],-3.375671888,192.2138955,2.614564151,1.044643449,2.502829223,0.012320498,0.901967571,6.124381488
MUSNIGG00022896,31.22016936,-1.67716775,0.744306778,-2.253328598,0.024238438,0.269126924,MUSNIGT00027840,GLCE,ENSMPUG00000000209,glucuronic acid epimerase [Source:NCBI gene;Acc:101670150],glucuronic acid epimerase [Source:HGNC Symbol;Acc:HGNC:17855],-3.197995148,31.22016936,2.247102097,1.145212864,1.9621698,0.049742719,0.999566779,4.747283135
MUSNIGG00043618,27.99411293,-1.672272631,0.769450869,-2.173332566,0.029755296,0.290687103,MUSNIGT00052578,THEMIS,ENSMPUG00000014616,thymocyte selection associated [Source:HGNC Symbol;Acc:HGNC:21569],thymocyte selection associated [Source:HGNC Symbol;Acc:HGNC:21569],-3.187162617,27.99411293,2.580904502,1.186275324,2.175637013,0.029582413,0.999566779,5.983146972
MUSNIGG00001556,12.42441045,-1.57686521,0.715003513,-2.205395053,0.027426385,0.280256168,MUSNIGT00001891,KCMF1,ENSMPUG00000008632,potassium channel modulatory factor 1 [Source:HGNC Symbol;Acc:HGNC:20589],potassium channel modulatory factor 1 [Source:HGNC Symbol;Acc:HGNC:20589],-2.983209321,12.42441045,2.209528315,1.111069785,1.988649449,0.046739909,0.999566779,4.625240279
MUSNIGG00028053,1592.614959,-1.411696246,0.632088301,-2.23338455,0.025523596,0.275094762,NA,NA,NA,NA,NA,-2.660497865,1592.614959,2.371641766,0.919696952,2.578720915,0.009916687,0.859062739,5.175297385
MUSNIGG00031864,22.83873095,-1.404661388,0.677813487,-2.072342045,0.038233554,0.314741984,MUSNIGT00038301,TECTA,ENSMPUG00000005657,tectorin alpha [Source:NCBI gene;Acc:101683242],tectorin alpha [Source:HGNC Symbol;Acc:HGNC:11720],-2.647556345,22.83873095,2.714900772,1.063607875,2.552539179,0.010694088,0.859062739,6.565481282
MUSNIGG00022836,21.52376101,-1.211625437,0.596644734,-2.030731806,0.042282208,0.329057056,MUSNIGT00027769,SLC24A1,ENSMPUG00000000468,solute carrier family 24 member 1 [Source:HGNC Symbol;Acc:HGNC:10975],solute carrier family 24 member 1 [Source:HGNC Symbol;Acc:HGNC:10975],-2.315984242,21.52376101,2.404513649,0.944332488,2.546257466,0.010888485,0.859062739,5.294570473
MUSNIGG00038081,144.5198361,-1.180670294,0.595968602,-1.981094794,0.047580644,0.346497369,MUSNIGT00045875,C2ORF16,NA,NA,NA,-2.266820719,144.5198361,1.960570203,0.890543351,2.20154381,0.027697549,0.999566779,3.8921578
MUSNIGG00042162,70.92634639,-1.176442138,0.549295128,-2.141730516,0.032215174,0.298300034,MUSNIGT00050857,NA,NA,NA,NA,-2.260186995,70.92634639,1.749691838,0.836498581,2.091685362,0.036466671,0.999566779,3.362867269
MUSNIGG00022969,9.75991937,1.435736131,0.682694762,2.103042548,0.03546205,0.304748079,MUSNIGT00027918,NA,NA,NA,NA,2.705201635,9.75991937,-2.137133529,1.000949446,-2.13510636,0.032752323,0.999566779,-4.398871717
MUSNIGG00022912,12.78006209,1.601496054,0.626677715,2.555533755,0.010602508,0.195599794,MUSNIGT00027858,OR10G2,NA,NA,olfactory receptor family 10 subfamily G member 2 [Source:HGNC Symbol;Acc:HGNC:8170],3.034578317,12.78006209,-1.893792123,0.925418332,-2.046417342,0.040715327,0.999566779,-3.716107207
MUSNIGG00031159,21.08721953,1.642707953,0.717475178,2.289567643,0.022046393,0.265429835,MUSNIGT00037456,OR52J3,NA,NA,olfactory receptor family 52 subfamily J member 3 [Source:HGNC Symbol;Acc:HGNC:14799],3.12251381,21.08721953,-2.279624671,1.049011463,-2.173117026,0.029771511,0.999566779,-4.85551617
MUSNIGG00017095,6.459431314,1.689831887,0.665940349,2.537512392,0.011164342,0.198229992,MUSNIGT00020920,PARP4,ENSMPUG00000013318,poly(ADP-ribose) polymerase family member 4 [Source:HGNC Symbol;Acc:HGNC:271],poly(ADP-ribose) polymerase family member 4 [Source:HGNC Symbol;Acc:HGNC:271],3.226191077,6.459431314,-2.306377728,0.966682215,-2.385869619,0.017038791,0.999566779,-4.946395944
MUSNIGG00011151,4.811955487,1.888287127,0.935140932,2.019254065,0.04346082,0.333516411,MUSNIGT00013651,NA,NA,NA,NA,3.701954408,4.811955487,-2.900522777,1.346728235,-2.153755079,0.031259384,0.999566779,-7.466969185
MUSNIGG00025864,3.265619153,1.9474478,0.850188864,2.290606104,0.021986206,0.265362045,MUSNIGT00031247,OR13A1,ENSMPUG00000019524,olfactory receptor 13A1 [Source:NCBI gene;Acc:101685252],olfactory receptor family 13 subfamily A member 1 [Source:HGNC Symbol;Acc:HGNC:14772],3.856916199,3.265619153,-3.059097495,1.173881745,-2.605967346,0.00916152,0.859062739,-8.334510648
MUSNIGG00006416,8.915634812,1.95258619,0.855980634,2.28111024,0.022541924,0.267127672,MUSNIGT00007820,NA,NA,NA,NA,3.870677716,8.915634812,-2.536327552,1.251688052,-2.026325606,0.042731429,0.999566779,-5.801104273
MUSNIGG00015940,11.76372608,2.376484587,0.892939299,2.661417847,0.007781233,0.170486107,MUSNIGT00019476,TUBA1C,NA,NA,tubulin alpha 1c [Source:HGNC Symbol;Acc:HGNC:20768],5.192698952,11.76372608,-3.369013601,1.28525117,-2.621288104,0.00875982,0.859062739,-10.33175621
MUSNIGG00036530,3.339877385,2.523799949,0.965474547,2.614051252,0.008947561,0.182095976,MUSNIGT00043991,HEMGN,NA,NA,hemogen [Source:HGNC Symbol;Acc:HGNC:17509],5.750948621,3.339877385,-2.842246429,1.36543562,-2.081567514,0.037381991,0.999566779,-7.171358443
MUSNIGG00016369,4.114316042,2.697031866,1.170719345,2.303739045,0.021237297,0.26162104,MUSNIGT00020004,C1R,ENSMPUG00000016760,complement C1r [Source:HGNC Symbol;Acc:HGNC:1246],complement C1r [Source:HGNC Symbol;Acc:HGNC:1246],6.48466419,4.114316042,-4.24384308,1.632748792,-2.599201483,0.009344091,0.859062739,-18.94628492
MUSNIGG00042130,15.97336407,3.201368921,1.339345096,2.390249482,0.016836931,0.236416612,MUSNIGT00050823,S100A10,NA,NA,S100 calcium binding protein A10 [Source:HGNC Symbol;Acc:HGNC:10487],9.198310647,15.97336407,-7.385148432,1.844571787,-4.003719715,6.24E-05,0.068114882,-167.1672509
MUSNIGG00035802,13.20767626,4.943163432,1.978007241,2.499062354,0.01245224,0.212518227,MUSNIGT00043073,S100A8,ENSMPUG00000008369,S100 calcium binding protein A8 [Source:HGNC Symbol;Acc:HGNC:10498],S100 calcium binding protein A8 [Source:HGNC Symbol;Acc:HGNC:10498],30.76383452,13.20767626,-5.971801071,2.814956082,-2.121454437,0.033883578,0.999566779,-62.76120168
MUSNIGG00015531,73.57224603,5.197115147,1.887504948,2.753431271,0.005897415,0.148945969,MUSNIGT00018995,EMP1,ENSMPUG00000011664,epithelial membrane protein 1 [Source:HGNC Symbol;Acc:HGNC:3333],epithelial membrane protein 1 [Source:HGNC Symbol;Acc:HGNC:3333],36.6849178,73.57224603,-6.981415845,2.707824895,-2.578237558,0.00993057,0.859062739,-126.3617354
